Jonathan Taylor,RB
Christian McCaffrey,RB
Austin Ekeler,RB
Cooper Kupp,WR
Derrick Henry,RB
Justin Jefferson,WR
Najee Harris,RB
Dalvin Cook,RB
Ja'Marr Chase,WR
Davante Adams,WR
Joe Mixon,RB
Stefon Diggs,WR
D'Andre Swift,RB
Travis Kelce,TE
Deebo Samuel,WR
Alvin Kamara,RB
Nick Chubb,RB
CeeDee Lamb,WR
Tyreek Hill,WR
Javonte Williams,RB
Aaron Jones,RB
Leonard Fournette,RB
Mark Andrews,TE
Saquon Barkley,RB
Josh Allen,QB
Mike Evans,WR
Keenan Allen,WR
A.J. Brown,WR
James Conner,RB
Ezekiel Elliott,RB
Cam Akers,RB
Tee Higgins,WR
David Montgomery,RB
Patrick Mahomes II,QB
Kyle Pitts,TE
Justin Herbert,QB
Antonio Gibson,RB
Diontae Johnson,WR
Jaylen Waddle,WR
Josh Jacobs,RB
Michael Pittman Jr.,WR
George Kittle,TE
Terry McLaurin,WR
DK Metcalf,WR
Darren Waller,TE
Travis Etienne Jr.,RB
Breece Hall,RB
DJ Moore,WR
J.K. Dobbins,RB
Elijah Mitchell,RB
Lamar Jackson,QB
Mike Williams,WR
Brandin Cooks,WR
Chris Godwin,WR
Amari Cooper,WR
Marquise Brown,WR
Joe Burrow,QB
Courtland Sutton,WR
AJ Dillon,RB
Kyler Murray,QB
Darnell Mooney,WR
Clyde Edwards-Helaire,RB
Jerry Jeudy,WR
Miles Sanders,RB
Amon-Ra St. Brown,WR
T.J. Hockenson,TE
Dalton Schultz,TE
Damien Harris,RB
Michael Thomas,WR
Jalen Hurts,QB
Allen Robinson II,WR
Adam Thielen,WR
Gabriel Davis,WR
Dak Prescott,QB
Hunter Renfrow,WR
Cordarrelle Patterson,RB
Kareem Hunt,RB
Devin Singletary,RB
Tony Pollard,RB
DeAndre Hopkins,WR
Elijah Moore,WR
JuJu Smith-Schuster,WR
DeVonta Smith,WR
Dallas Goedert,TE
Russell Wilson,QB
Rashaad Penny,RB
Tom Brady,QB
Tyler Lockett,WR
Rashod Bateman,WR
Aaron Rodgers,QB
Ken Walker III,RB
Matthew Stafford,QB
Chase Edmonds,RB
Drake London,WR
Melvin Gordon III,RB
Zach Ertz,TE
Michael Carter,RB
Dawson Knox,TE
Robert Woods,WR
Treylon Burks,WR
Brandon Aiyuk,WR
Christian Kirk,WR
Rhamondre Stevenson,RB
Chase Claypool,WR
James Cook,RB
Russell Gage,WR
James Robinson,RB
Derek Carr,QB
Trey Lance,QB
Mike Gesicki,TE
Chris Olave,WR
Pat Freiermuth,TE
Kadarius Toney,WR
Allen Lazard,WR
Alexander Mattison,RB
Kirk Cousins,QB
Ronald Jones II,RB
Garrett Wilson,WR
Nyheim Hines,RB
Michael Gallup,WR
,DST
,WR
,WR
,RB
,RB
,RB
,TE
,QB
,RB
,WR
,K1
,QB
,WR
,DST
,RB
,WR
,WR
,WR
,TE
,TE
,QB
,RB
,RB
,RB
,WR
,TE
,DST
,RB
,K2
,WR
,QB
,DST
,K3
,RB
,WR
,QB
,RB
,WR
,DST
,TE
,WR
,RB
,DST
,WR
,WR
,TE
,DST
,TE
,RB
,DST
,QB
,DST
,K4
,QB
,QB
,K5
,WR
,TE
,RB
,K6
,WR
,TE
,RB
,TE
,TE
,DST
,TE
,RB
,QB
,TE
,RB
,WR
,RB
,DST
,RB
,K7
,QB
,K8
,TE
,RB
,RB
,WR
,WR
,DST
,DST
,WR
,WR
,DST
,WR
,WR
,K9
,QB
,RB
,WR
,K1
,K1
,RB
,WR
,K1
,WR
,WR
,RB
,QB
,K1
,WR
,WR
,RB
,QB
,DST
,DST
,DST
,WR
,DST
,WR
,DST
,RB
,DST
,K1
,WR
,QB
,K1
,RB
,RB
,RB
,RB
,K1
,RB
,RB
,WR
,WR
,QB
,K1
,WR
,DST
,K1
,K1
,RB
,RB
,RB
,QB
,K2
,K2
,K2
,WR
,DST
,WR
,WR
,RB
,WR
,K2
,WR
,DST
,TE
,K2
,RB
,WR
,K2
,RB
,QB
,TE
,WR
,DST
,WR
,WR
,WR
,K2
,QB
,WR
,TE
,WR
,TE
,RB
,WR
,RB
,QB
,WR
,RB
,RB
,RB
,WR
,K2
,RB
,WR
,WR
,WR
,TE
,WR
,TE
,WR
,RB
,WR
,WR
,WR
,QB
,QB
,WR
,WR
,WR
,RB
,TE
,DST
,TE
,TE
,TE
,QB
,TE
,RB
,RB
,RB
,RB
,WR
,QB
,WR
,WR
,WR
,WR
,WR
,WR
,RB
,WR
,WR
,WR
,RB
,RB
,WR
,RB
,WR
,WR
,RB
,K2
,RB
,K2
,QB
,WR
,WR
,TE
,RB
,TE
,WR
,RB
,K3
,QB
,RB
,WR
,RB
,DST
,WR
,WR
,TE
,DST
,RB
,WR